{"cameraMode":{"drawMode":0,"name":"Shaded","section":"Shading Mode"},"sceneLighting":true,"audioPlay":false,"sceneViewState":{"showFog":true,"showMaterialUpdate":false,"showSkybox":true,"showFlares":true,"showImageEffects":true,"showParticleSystems":true},"in2DMode":false,"pivot":{"x":-12.794273376464844,"y":5.196078300476074,"z":-20.997787475585939},"rotation":{"x":0.020063966512680055,"y":-1.0002617835998536,"z":0.007593392860144377,"w":0.025452760979533197},"size":95.8797607421875,"orthographic":false}